{
  "Re_E0_predicted": 2.0018501462716807,
  "Im_E0_predicted": 0.02994539229037302,
  "gamma": 0.02,
  "params": [
    0.523,
    1.21,
    -0.45,
    0.88
  ]
}