{
  "predictions": {
    "noiseless": {
      "E": [
        2.0018501462716802,
        2.692948010374175,
        3.68318116938115,
        4.986843622818315
      ],
      "Delta": [
        0.691097864102495,
        0.9902331590069746,
        1.3036624534371648
      ]
    },
    "H_diag_exact": {
      "E": [
        2.0,
        2.6931471805599454,
        3.683857645907477,
        4.98781812237791
      ],
      "Delta": [
        0.6931471805599454,
        0.9907104653475316,
        1.3039604764704333
      ]
    }
  },
  "h1_h2_h3_gaps": {
    "noiseless": [
      0.691097864102495,
      0.9902331590069746,
      1.3036624534371648
    ],
    "H1_additive": [
      0.6910978641024927,
      0.9902331590069737,
      1.3036624534371688
    ],
    "H2_multiplicative": [
      0.8424967441345999,
      0.1347939296652294,
      1.3741324005443505
    ],
    "H3_decoherence": [
      0.6921434508089033,
      0.9904770159547325,
      1.3038139483579254
    ],
    "H_diag_exact": [
      0.6931471805599454,
      0.9907104653475316,
      1.3039604764704333
    ],
    "E_noiseless": [
      2.0018501462716802,
      2.692948010374175,
      3.68318116938115,
      4.986843622818315
    ]
  },
  "measurements": {
    "backend": "ibm_fez",
    "noise_profile": "AerSimulator.from_backend(ibm_fez)",
    "gamma": 0.02,
    "E0_vqe_aer": 2.4057329116396367,
    "E0_params": [
      0.43322848616640264,
      1.7832215617253901,
      -0.5810031079365687,
      1.6584548620563642,
      0.3411689949707151,
      2.039876096922299
    ],
    "n_iterations": 10,
    "5_pubs": {
      "H_diag_at_vqe_opt": 2.4016502543951685,
      "Re_H_PT_at_vqe_opt": 2.407579634571578,
      "Im_H_PT_at_vqe_opt": 0.018310951209553828,
      "Re_H_PT_at_random": 3.3944783942452457,
      "Im_H_PT_at_random": 0.041040531122835046
    },
    "bias_analysis": {
      "beta_diag": -0.9395497456048316,
      "bias_PT_re_minus_diag": 0.005929380176409538
    }
  },
  "comparison": {
    "abs_bias_PT_re": 0.005929380176409538,
    "verdict": "H1 oder H3 (additiver Bias, gaps invariant)",
    "confidence": "HOCH",
    "gap_predictions": {
      "noiseless": [
        0.691097864102495,
        0.9902331590069746,
        1.3036624534371648
      ],
      "H1_additive": [
        0.6910978641024927,
        0.9902331590069737,
        1.3036624534371688
      ],
      "H2_multiplicative": [
        0.8424967441345999,
        0.1347939296652294,
        1.3741324005443505
      ],
      "H3_decoherence": [
        0.6921434508089033,
        0.9904770159547325,
        1.3038139483579254
      ]
    }
  }
}