{
  "noiseless": {
    "E": [
      2.0018501462716802,
      2.692948010374175,
      3.68318116938115,
      4.986843622818315
    ],
    "Delta": [
      0.691097864102495,
      0.9902331590069746,
      1.3036624534371648
    ]
  },
  "H_diag_exact": {
    "E": [
      2.0,
      2.6931471805599454,
      3.683857645907477,
      4.98781812237791
    ],
    "Delta": [
      0.6931471805599454,
      0.9907104653475316,
      1.3039604764704333
    ]
  }
}