{
  "method": "pt_im_bias_statevector.py \u2014 statevector + Sampling-Noise-Simulator (offline)",
  "reason_for_offline": "Fez-Account-Blockade (4 Jobs QUEUED, 0 laufend, 2026-06-17 13:08 UTC)",
  "gamma": 0.02,
  "shots_per_measurement": 4096,
  "n_bootstrap": 100,
  "n_theta_points": 5,
  "theta_labels": [
    "theta_initial",
    "theta_random_1",
    "theta_random_2",
    "theta_VQE_optimal",
    "theta_random_3"
  ],
  "theta_values": [
    [
      0.523,
      1.21,
      -0.45,
      0.88
    ],
    [
      -0.788287681898749,
      2.8319215077704234,
      1.4576609265440963,
      0.6198895383354297
    ],
    [
      -2.4186834925256155,
      0.6852852771057627,
      -2.303472507305873,
      -1.6299234883635934
    ],
    [
      -0.104,
      0.317,
      -0.803,
      -0.086
    ],
    [
      2.1038752687204516,
      -2.483139310363369,
      1.5371214800300832,
      -0.8764990959983447
    ]
  ],
  "Im_statevector": [
    0.04851520149255388,
    0.026869650383629623,
    0.08076556549221457,
    0.008428354745421345,
    0.014909703488661427
  ],
  "Im_measured_means": [
    0.049326168427461035,
    0.02636394624192128,
    0.07938579505564543,
    0.008038063184323875,
    0.015030007767228274
  ],
  "Im_bias_means": [
    0.0008109669349071555,
    -0.0005057041417083438,
    -0.001379770436569146,
    -0.0003902915610974697,
    0.00012030427856684702
  ],
  "Im_bias_stds": [
    0.009621304611251432,
    0.009557020962179513,
    0.011155651137225409,
    0.009236016927295984,
    0.01083562367976261
  ],
  "Im_measured_samples": [
    [
      0.04977250370348781,
      0.04719415285964086,
      0.0549194279969867,
      0.049564202664084275,
      0.04315850776094277,
      0.052131152041648726,
      0.061555201943855255,
      0.0579860111238463,
      0.041477849134483956,
      0.03586098678209335,
      0.04228245686718036,
      0.04892846128602631,
      0.025264893746165536,
      0.04632728485322842,
      0.03605609202002323,
      0.041192527945519364,
      0.043072611663980784,
      0.04535219992886234,
      0.05263150685629521,
      0.05894033518698066,
      0.04722985486311354,
      0.06217983619805074,
      0.04186325475768775,
      0.052030302193484076,
      0.05754990330907197,
      0.049455324470162626,
      0.041080208999015794,
      0.03929794772996968,
      0.04393794323588049,
      0.050717152727254376,
      0.03841901965716652,
      0.04642344574383675,
      0.0469229513934091,
      0.05392365733941196,
      0.05066179271761729,
      0.052068928582953096,
      0.041976915398370486,
      0.04721906515562618,
      0.056354956193167174,
      0.06344951294476149,
      0.03592454617151268,
      0.0636544392399445,
      0.06197395573037692,
      0.056328315499558156,
      0.051159757795846916,
      0.0453759733471896,
      0.06309540832792347,
      0.06811778465705352,
      0.06653155019121514,
      0.06166623913989758,
      0.05208900559914344,
      0.036432015169732164,
      0.04847066016135305,
      0.05507995084331724,
      0.035631586855058336,
      0.052466422094373966,
      0.05281383844077618,
      0.055475628732182564,
      0.03667402182498199,
      0.04189817577216353,
      0.044150849021121666,
      0.03681718241482524,
      0.06590888026385522,
      0.04355609420813236,
      0.0518048977871559,
      0.04592947603781464,
      0.0643499302805751,
      0.061718811363372275,
      0.054848727720803035,
      0.026480102686087373,
      0.049035491235152745,
      0.05535206340031923,
      0.058554817250975576,
      0.04233613104547787,
      0.06673531512583711,
      0.035310891792420945,
      0.04189992127440169,
      0.0578657013736941,
      0.049005747630807,
      0.06853912732900644,
      0.05040039341767854,
      0.04218326059063161,
      0.044739566440225795,
      0.037603740316361926,
      0.0357383998286878,
      0.0548193164002362,
      0.05432685961668194,
      0.06146078968696505,
      0.04096914357995457,
      0.06540627601699062,
      0.045641324414467214,
      0.06425928428099975,
      0.04418734302072791,
      0.04116036856913113,
      0.05101305520814055,
      0.0588297323412486,
      0.050125297259707324,
      0.042659913251320514,
      0.03510300435178719,
      0.0344999993433796
    ],
    [
      0.03189647888237828,
      0.036766780716487674,
      0.025226704457376715,
      0.016126001801345276,
      0.03560007190984669,
      0.01406571093648389,
      0.0197389694330369,
      0.03307982891903061,
      0.004368238647883705,
      0.03073334635929268,
      0.021053242019534592,
      0.027962447358407763,
      0.026112635121421392,
      0.02889079433406922,
      0.033811369750699705,
      0.01928595287464553,
      0.04107947060674878,
      0.034130588273107276,
      0.035306977006662306,
      0.0385182901947399,
      0.034745532600688314,
      0.035310437189415546,
      0.027625586491058476,
      0.0126019118737323,
      0.025519199383259483,
      0.019174503981862566,
      0.012642232698475487,
      0.029454178292759498,
      0.021184155842153198,
      0.016571606003514986,
      0.016439639582913966,
      0.02955382118071877,
      0.030456369875333067,
      0.04009422508129795,
      0.026730503698388686,
      0.03728804797575784,
      0.040892298651354846,
      0.038371306745126545,
      0.003216611320859878,
      0.03915648757566383,
      0.03026585046611605,
      0.031107363912163094,
      0.03058192456099221,
      0.03069722198633723,
      0.030063792586153434,
      0.023280517298243417,
      0.007853297399869678,
      0.025780503104555392,
      0.018832331898422858,
      0.037671284509008474,
      0.023981985323675847,
      0.02770440394469972,
      0.018373590827528194,
      0.021763425704648356,
      0.026754319766763755,
      0.01201589854099417,
      0.029876501526575682,
      0.025808927849152112,
      0.015012452333577285,
      0.00288732172965191,
      0.03200017172243268,
      0.023893809994196318,
      0.021569566251448038,
      0.024508104085100204,
      0.04503440979244106,
      0.02637164069303319,
      0.027735843013515043,
      0.011998921686875642,
      0.043343041047190625,
      0.036044530218072565,
      0.03753899905368141,
      0.02734637769574642,
      0.03603619827187558,
      0.030579118734573724,
      0.033001541162219684,
      0.02534772079954672,
      0.012130770903210032,
      0.03715819386166146,
      0.0075200540175325535,
      0.024470283671049264,
      0.024824425499633013,
      0.016441048973784577,
      0.03300088174699542,
      0.02486635336953394,
      0.022500967127656805,
      0.03206806769340603,
      0.022103859978045485,
      0.04075945013201271,
      0.030384201145502762,
      0.02212632051528523,
      0.007427000623774181,
      0.013792118414618148,
      0.037737958231313255,
      0.0263636097525162,
      0.024038399726834275,
      0.04330216652605659,
      0.01404315794289064,
      0.02101307238521603,
      0.022143773616044783,
      0.032733023198942626
    ],
    [
      0.0741302135091741,
      0.07463138700607429,
      0.06471407152336343,
      0.08805905953239314,
      0.08882695907736479,
      0.07600179801820295,
      0.08239896494762756,
      0.06783910426462116,
      0.07604743394480555,
      0.09454507501943979,
      0.08212287283288591,
      0.10386920036017346,
      0.072893638070643,
      0.08656840965945764,
      0.07881050721388355,
      0.0864237439604955,
      0.080693451895627,
      0.07515358438812297,
      0.07208939784899754,
      0.11142593288270354,
      0.07999211489497242,
      0.060598958589882124,
      0.07427955941318122,
      0.08754596276345454,
      0.07576548116036709,
      0.09437002751706715,
      0.09078954822065415,
      0.07924217913397222,
      0.07604340606445414,
      0.07071755542193761,
      0.07376590006908132,
      0.06603413474555832,
      0.09280952840754542,
