{
  "backend": "ibm_fez",
  "shots": 4096,
  "alpha_aer": 0.271875107307134,
  "alpha_qpu": 0.3478584070739363,
  "alpha_latorre_sierra": 1.0,
  "verdict": "QPU bestaetigt Aer (DISSENS zu Latorre-Sierra)",
  "results": [
    {
      "N": 7,
      "n_A": 2,
      "n_B": 4,
      "n_qubits": 3,
      "pi_N": 4,
      "job_id": "d8kjhcjnn5bs738quimg",
      "s_sq_classical": [
        0.7499999999999999,
        0.25
      ],
      "s_sq_qpu": [
        0.735107421875,
        0.264892578125
      ],
      "S_vN_classical": 0.5623351446188084,
      "S_vN_qpu": 0.5781124431253745,
      "S_vN_aer_prereg": 0.5623351446188084,
      "abs_error": 0.015777298506566062
    },
    {
      "N": 15,
      "n_A": 4,
      "n_B": 4,
      "n_qubits": 4,
      "pi_N": 6,
      "job_id": "d8kjhf832u0s73f8rfr0",
      "s_sq_classical": [
        0.646564206928636,
        0.27545060744435657,
        0.07798518562700735,
        0.0
      ],
      "s_sq_qpu": [
        0.604248046875,
        0.2783203125,
        0.10009765625,
        0.017333984375
      ],
      "S_vN_classical": 0.836065555629091,
      "S_vN_qpu": 0.9610456492483714,
      "S_vN_aer_prereg": 0.836065555629091,
      "abs_error": 0.12498009361928042
    },
    {
      "N": 31,
      "n_A": 4,
      "n_B": 8,
      "n_qubits": 5,
      "pi_N": 11,
      "job_id": "d8kjhs3qv2lc7385c930",
      "s_sq_classical": [
        0.6958430448163548,
        0.1588820673257382,
        0.09090909090909088,
        0.05436579694881592
      ],
      "s_sq_qpu": [
        0.599365234375,
        0.2197265625,
        0.1005859375,
        0.080322265625
      ],
      "S_vN_classical": 0.9209174865193352,
      "S_vN_qpu": 1.073342261522333,
      "S_vN_aer_prereg": 0.920917486519335,
      "abs_error": 0.15242477500299767
    },
    {
      "N": 63,
      "n_A": 8,
      "n_B": 8,
      "n_qubits": 6,
      "pi_N": 18,
      "job_id": "d8kji93nn5bs738qujjg",
      "s_sq_classical": [
        0.6261122728604624,
        0.236189601753472,
        0.07951906450896579,
        0.051138726242256745,
        0.00704033463484291,
        4.0087342388099523e-35,
        0.0,
        0.0
      ],
      "s_sq_qpu": [
        0.492431640625,
        0.27978515625,
        0.086669921875,
        0.092041015625,
        0.027587890625,
        0.007080078125,
        0.009521484375,
        0.0048828125
      ],
      "S_vN_classical": 1.0222738131627935,
      "S_vN_qpu": 1.3411420918862516,
      "S_vN_aer_prereg": 1.0222738131627933,
      "abs_error": 0.318868278723458
    },
    {
      "N": 127,
      "n_A": 8,
      "n_B": 16,
      "n_qubits": 7,
      "pi_N": 31,
      "job_id": "d8kjipjnn5bs738quk50",
      "s_sq_classical": [
        0.5296251798947195,
        0.19546595055463348,
        0.12232417570544217,
        0.09862200937504294,
        0.02333966150177633,
        0.018472535633577043,
        0.012150487334808847,
        1.2710616612580008e-34
      ],
      "s_sq_qpu": [
        0.41748046875,
        0.131103515625,
        0.130615234375,
        0.053466796875,
        0.134521484375,
        0.057373046875,
        0.063232421875,
        0.01220703125
      ],
      "S_vN_classical": 1.356183805881178,
      "S_vN_qpu": 1.7157022800668718,
      "S_vN_aer_prereg": 1.3561838058811773,
      "abs_error": 0.3595184741856938
    }
  ]
}