{
  "noiseless": {
    "E": [
      2.0018501462716802,
      2.692948010374175,
      3.68318116938115,
      4.986843622818315
    ],
    "Delta": [
      0.691097864102495,
      0.9902331590069746,
      1.3036624534371648
    ],
    "Im": [
      0.02994539229037304,
      0.02749304395484926,
      0.025443850560302884,
      0.02398282978343611
    ]
  },
  "H1_additive": {
    "E": [
      2.0018501462716802,
      2.692948010374175,
      3.68318116938115,
      4.986843622818315
    ],
    "Delta": [
      0.691097864102495,
      0.9902331590069746,
      1.3036624534371648
    ],
    "Im": [
      0.02994539229037304,
      0.02749304395484926,
      0.025443850560302884,
      0.02398282978343611
    ]
  },
  "H2_multiplicative_k25": {
    "E": [
      2.298403114141679,
      3.140899858276279,
      3.2756937879415085,
      4.649826188485859
    ],
    "Delta": [
      0.8424967441345999,
      0.1347939296652294,
      1.3741324005443505
    ],
    "Im": [
      0.08645138218619694,
      2.175926706173613,
      0.18455069891181194,
      0.22469912745240492
    ]
  },
  "H3_decoherence_p0.3": {
    "E": [
      2.0009061540378053,
      2.6930496048467085,
      3.683526620801441,
      4.987340569159366
    ],
    "Delta": [
      0.6921434508089033,
      0.9904770159547325,
      1.3038139483579254
    ],
    "Im": [
      0.029982198192584852,
      0.027448741027753444,
      0.025433847683455628,
      0.024000329685167153
    ]
  },
  "H_diag_exact": {
    "E": [
      2.0,
      2.6931471805599454,
      3.683857645907477,
      4.98781812237791
    ],
    "Delta": [
      0.6931471805599454,
      0.9907104653475316,
      1.3039604764704333
    ]
  },
  "decision_rule": "Wenn Delta_E_n_meas (aus H_diag auf Fez) mit H_diag_exact uebereinstimmt: H_diag ist bias-invariant (gut!). Wenn E_0 VQE mit noiseless uebereinstimmt: PT-E_0 bias-invariant. Wenn H_PT am VQE-Optimum ~ 2.00 (oder ~3.27 wie 6.5.4): Bias = 1.63x wie auf Marrakesh."
}