{
  "alpha_offline": 0.33305202609341633,
  "results": [
    {
      "N": 7,
      "primes": [
        2,
        3,
        5,
        7
      ],
      "dim": 8,
      "n_qubits": 3,
      "n_A": 2,
      "n_B": 4,
      "s": [
        0.8660254037844386,
        0.5
      ],
      "s_sq": [
        0.7499999999999999,
        0.25
      ],
      "S_vN": 0.5623351446188084
    },
    {
      "N": 15,
      "primes": [
        2,
        3,
        5,
        7,
        11,
        13
      ],
      "dim": 16,
      "n_qubits": 4,
      "n_A": 4,
      "n_B": 4,
      "s": [
        0.8040921632055843,
        0.524833885571765,
        0.2792582776338194,
        0.0
      ],
      "s_sq": [
        0.646564206928636,
        0.27545060744435657,
        0.07798518562700735,
        0.0
      ],
      "S_vN": 0.836065555629091
    },
    {
      "N": 31,
      "primes": [
        2,
        3,
        5,
        7,
        11,
        13,
        17,
        19,
        23,
        29,
        31
      ],
      "dim": 32,
      "n_qubits": 5,
      "n_A": 4,
      "n_B": 8,
      "s": [
        0.834172071467485,
        0.3986001346283493,
        0.3015113445777636,
        0.23316474207910579
      ],
      "s_sq": [
        0.6958430448163548,
        0.1588820673257382,
        0.09090909090909088,
        0.05436579694881592
      ],
      "S_vN": 0.9209174865193352
    }
  ]
}