{
  "n_data_points": 5,
  "renyi_2_classical": [
    [
      7,
      0.6780719051126379
    ],
    [
      15,
      1.0000000000000002
    ],
    [
      31,
      0.9415833137746785
    ],
    [
      63,
      1.1303966372556755
    ],
    [
      127,
      1.5377052139665326
    ]
  ],
  "renyi_2_qpu": [
    [
      7,
      0.7118162855768683
    ],
    [
      15,
      1.1427422249024632
    ],
    [
      31,
      1.23756564624448
    ],
    [
      63,
      1.5662816227582914
    ],
    [
      127,
      2.077454068041105
    ]
  ],
  "alpha_2_aer": 0.2435059692657675,
  "alpha_2_qpu": 0.34040658858726935,
  "alpha_vN_aer": 0.271875107307134,
  "alpha_vN_qpu": 0.3478584070739363,
  "alpha_latorre_sierra": 1.0,
  "verdict": "Renyi-2 entspricht Schmidt-vN im Skalierungsverhalten: alpha_2 ~ alpha_vN < 0.5. Latorre-Spannung NICHT durch Renyi-2 vs vN aufgeloest."
}