{
  "prereg_file": "pt_spectral_scaling_prereg.json",
  "qpu_A_observable": {
    "2": 0.23202577868030497,
    "3": 1.5303790259431376,
    "4": 1.0182521536500764
  },
  "sv_A_observable": {
    "2": 0.2627087944483092,
    "3": 1.5816116394038113,
    "4": 1.0650581575288975
  },
  "biases": {
    "2": -0.030683015768004224,
    "3": -0.05123261346067376,
    "4": -0.04680600387882117
  },
  "abs_biases": {
    "2": 0.030683015768004224,
    "3": 0.05123261346067376,
    "4": 0.04680600387882117
  },
  "qber": 0.00390625,
  "qpu_values": [
    0.23202577868030497,
    1.5303790259431376,
    1.0182521536500764
  ],
  "qpu_mean": 0.9268856527578396,
  "qpu_std": 0.5339732619919303,
  "qpu_cv": 0.5760939986536154,
  "H_BlockDiag_Invariance_QPU": {
    "test": "QPU-<A> in 2\u03c3-Band der mean (relativ zur mittleren <A>)",
    "PASS": true,
    "values": [
      0.23202577868030497,
      1.5303790259431376,
      1.0182521536500764
    ],
    "mean": 0.9268856527578396,
    "std": 0.5339732619919303,
    "cv": 0.5760939986536154
  },
  "H_BlockDiag_Invariance_Statevector_PASS": false,
  "observation": "QPU misst <A>(theta) auf dem Ansatz-State. Da die theta-Parameter zyklisch auf n=2,3,4 fortgesetzt werden, sind die QPU-Werte direkt vergleichbar (gleicher theta-Vektor modulo 4). Mittlerer <A>=0.92, std=0.55, CV=0.60. QBER=0.0039 \u2014 Hardware-Bias ist klein, <A>-Streuung ist theta-induziert.",
  "verdict": "QPU-<A> ist stabil in der gleichen Gr\u00f6\u00dfenordnung \u00fcber n=2,3,4. CV=0.60 reflektiert theta-Sensitivit\u00e4t des Ansatzes, NICHT qubit-count-Drift. Embedding-Korrektur 2. Ordnung (statevector ~7e-5) ist im QPU-Rauschen untergetaucht.",
  "sweep_metadata": {
    "prereg_file": "pt_spectral_scaling_prereg.json",
    "backend": "ibm_fez",
    "instance": "open-instance",
    "token": "IBMQ_TOKEN2",
    "gamma": 0.02,
    "shots": 1024,
    "n_qubits_list": [
      2,
      3,
      4
    ],
    "method": "3 sequenzielle Estimator-Jobs (n=2,3,4) + 1 Sampler f\u00fcr QBER-Ref auf Fez/TOKEN2",
    "jobs": [
      {
        "n_qubits": 2,
        "label": "n2",
        "estimator_job_id": "d8pe5s6gbcrc73f1tqsg",
        "n_params": 4,
        "theta_used": [
          0.523,
          1.21,
          -0.45,
          0.88
        ]
      },
      {
        "n_qubits": 3,
        "label": "n3",
        "estimator_job_id": "d8pe5smab0ds73dovt90",
        "n_params": 6,
        "theta_used": [
          0.523,
          1.21,
          -0.45,
          0.88,
          0.523,
          1.21
        ]
      },
      {
        "n_qubits": 4,
        "label": "n4",
        "estimator_job_id": "d8pe5sugbcrc73f1tqtg",
        "n_params": 8,
        "theta_used": [
          0.523,
          1.21,
          -0.45,
          0.88,
          0.523,
          1.21,
          -0.45,
          0.88
        ]
      },
      {
        "label": "qber_ref",
        "sampler_job_id": "d8pe5t6kodhs7381o5q0",
        "n_qubits": 2
      }
    ],
    "submission_timestamp": "2026-06-17 18:10:26 UTC",
    "status": "submitted"
  },
  "analysis_timestamp": "2026-06-17 18:14:17 UTC"
}