{
  "noiseless": {
    "Re_E": [
      2.0018501462716807,
      2.6929480103741765,
      3.68318116938115,
      4.986843622818317
    ],
    "Delta_E": [
      0.6910978641024959,
      0.9902331590069733,
      1.3036624534371675
    ],
    "Im_E": [
      0.02994539229037302,
      0.0274930439548492,
      0.025443850560302107,
      0.023982829783436105
    ]
  },
  "H1_additive": {
    "Re_E": [
      2.0018501462716807,
      2.6929480103741765,
      3.68318116938115,
      4.986843622818317
    ],
    "Delta_E": [
      0.6910978641024959,
      0.9902331590069733,
      1.3036624534371675
    ],
    "Im_E": [
      0.02994539229037302,
      0.0274930439548492,
      0.025443850560302107,
      0.023982829783436105
    ],
    "rationale": "Bias beta*1, E_n verschoben um -beta, Gaps invariant"
  },
  "H2_multiplicative": {
    "Re_E": [
      2.298403114141685,
      3.1408998582762733,
      3.27569378794151,
      4.649826188485864
    ],
    "Delta_E": [
      0.8424967441345883,
      0.1347939296652365,
      1.3741324005443545
    ],
    "Im_E": [
      0.08645138218619629,
      2.1759267061736063,
      0.1845506989118118,
      0.2246991274524042
    ],
    "rationale": "Bias skaliert A um Faktor k=25.0 (Verstaerkungsfaktor aus 6.5.7)"
  },
  "H3_decoherence": {
    "Re_E": [
      2.0009061540378066,
      2.6930496048467103,
      3.6835266208014446,
      4.987340569159375
    ],
    "Delta_E": [
      0.6921434508089037,
      0.9904770159547343,
      1.3038139483579307
    ],
    "Im_E": [
      0.02998219819258488,
      0.02744874102775357,
      0.025433847683455184,
      0.024000329685166945
    ],
    "rationale": "Decoherence p=0.3: Off-Diagonal von A um (1-p) skaliert"
  },
  "decision_rule": "Vergleich |Delta_E_meas - Delta_E_pred| < 0.05 fuer >=2 von 3 Gaps. H1: Gaps ~ noiseless. H2: Gaps drastisch verschoben (siehe Tabelle). H3: Gaps ~ noiseless, Im-Teile geschrumpft."
}