{
  "job_id": "d8jeuhdv8cos73f6pqc0",
  "backend": "ibm_fez",
  "measurements": {
    "H_diag": 3.2995163463484913,
    "H_diag_std": 0.015151534983417255,
    "Re_H_PT": 3.2906963366830584,
    "Re_H_PT_std": 0.012946058217278213,
    "Im_H_PT": 0.04872296868312158,
    "Im_H_PT_std": 0.0005978001705142305
  },
  "predictions_noiseless": {
    "Re_E": [
      2.0018501462716807,
      2.6929480103741765,
      3.68318116938115,
      4.986843622818317
    ],
    "Delta_E": [
      0.6910978641024959,
      0.9902331590069733,
      1.3036624534371675
    ],
    "Im_E": [
      0.02994539229037302,
      0.0274930439548492,
      0.025443850560302107,
      0.023982829783436105
    ]
  },
  "beta_eff": 0.2063163463484914,
  "bias_PT_re": -0.050509400528274906,
  "amplification_factor": -0.2448153111579384
}