{
  "noiseless": {
    "E": [
      2.0018501462716807,
      2.6929480103741765,
      3.68318116938115,
      4.986843622818317
    ],
    "Delta": [
      0.6910978641024959,
      0.9902331590069733,
      1.3036624534371675
    ],
    "Im": [
      0.02994539229037302,
      0.0274930439548492,
      0.025443850560302107,
      0.023982829783436105
    ]
  },
  "H1_additive": {
    "E": [
      2.0018501462716807,
      2.6929480103741765,
      3.68318116938115,
      4.986843622818317
    ],
    "Delta": [
      0.6910978641024959,
      0.9902331590069733,
      1.3036624534371675
    ],
    "Im": [
      0.02994539229037302,
      0.0274930439548492,
      0.025443850560302107,
      0.023982829783436105
    ]
  },
  "H2_multiplicative_k25": {
    "E": [
      2.298403114141685,
      3.1408998582762733,
      3.27569378794151,
      4.649826188485864
    ],
    "Delta": [
      0.8424967441345883,
      0.1347939296652365,
      1.3741324005443545
    ],
    "Im": [
      0.08645138218619629,
      2.1759267061736063,
      0.1845506989118118,
      0.2246991274524042
    ]
  },
  "H3_decoherence_p0.3": {
    "E": [
      2.0009061540378066,
      2.6930496048467103,
      3.6835266208014446,
      4.987340569159375
    ],
    "Delta": [
      0.6921434508089037,
      0.9904770159547343,
      1.3038139483579307
    ],
    "Im": [
      0.02998219819258488,
      0.02744874102775357,
      0.025433847683455184,
      0.024000329685166945
    ]
  },
  "H_diag_exact": {
    "E": [
      2.0,
      2.6931471805599454,
      3.683857645907477,
      4.98781812237791
    ],
    "Delta": [
      0.6931471805599454,
      0.9907104653475316,
      1.3039604764704333
    ]
  },
  "decision_rule": "Wenn Delta_E_n_meas (aus H_diag auf Fez) mit H_diag_exact uebereinstimmt: H_diag ist bias-invariant (gut!). Wenn E_0 VQE mit noiseless uebereinstimmt: PT-E_0 bias-invariant. Wenn H_PT am VQE-Optimum ~ 2.00 (oder ~3.27 wie 6.5.4): Bias = 1.63x wie auf Marrakesh."
}